Anastasia,Toto,staffelb@yahoo.ca,123456789,manager
Beau,Bartolo,boein@msn.com,123456789,developer
In,Tighe,miyop@comcast.net,123456789,devOps
Kassandra,Mcdonnell,pkplex@comcast.net,123456789,frontend
Halina,Falconer,ninenine@hotmail.com,123456789,manager
Asha,Turlington,janneh@gmail.com,123456789,developer
Glynda,Bowling,murty@optonline.net,123456789,devOps
Ross,Clover,lamky@att.net,123456789,frontend
Noma,Veloz,gommix@msn.com,123456789,manager
Juanita,Stamps,ozawa@icloud.com,123456789,developer
Shin,Hora,dhwon@att.net,123456789,devOps
Debora,Buttner,drolsky@outlook.com,123456789,frontend
Priscila,Deere,north@outlook.com,123456789,manager
Ann,Tookes,smallpaul@msn.com,123456789,developer
Lois,Beckler,esbeck@yahoo.ca,123456789,devOps
Katheryn,Drucker,parksh@me.com,123456789,frontend
Jules,Basquez,shawnce@gmail.com,123456789,manager
Nicole,Mynatt,retoh@yahoo.com,123456789,developer
Aileen,Bumgardner,steveli@yahoo.com,123456789,devOps
Bruno,Hardee,ivoibs@icloud.com,123456789,frontend
Abraham,Aho,sakusha@icloud.com,123456789,manager
Alyson,Bonenfant,chronos@att.net,123456789,developer
Deirdre,Schnur,fangorn@mac.com,123456789,devOps
Major,Tiffany,guialbu@me.com,123456789,frontend
Mora,Twedt,jonathan@mac.com,123456789,manager
Venita,Vanduzer,formis@verizon.net,123456789,developer
Terri,Holts,geeber@comcast.net,123456789,devOps
Reid,Russo,subir@sbcglobal.net,123456789,frontend
Camilla,Engelbrec,rgarcia@yahoo.ca,123456789,manager
Etta,Wycoff,martink@me.com,123456789,developer
Anastasia,Toto,staffelb@yahoo.ca,123456789,devOps
Beau,Bartolo,boein@msn.com,123456789,frontend
In,Tighe,miyop@comcast.net,123456789,manager
Kassandra,Mcdonnell,pkplex@comcast.net,123456789,developer
Halina,Falconer,ninenine@hotmail.com,123456789,devOps
Asha,Turlington,janneh@gmail.com,123456789,frontend
Glynda,Bowling,murty@optonline.net,123456789,manager
Ross,Clover,lamky@att.net,123456789,developer
Noma,Veloz,gommix@msn.com,123456789,devOps
Juanita,Stamps,ozawa@icloud.com,123456789,frontend
Shin,Hora,dhwon@att.net,123456789,manager
Debora,Buttner,drolsky@outlook.com,123456789,developer
Priscila,Deere,north@outlook.com,123456789,devOps
Ann,Tookes,smallpaul@msn.com,123456789,frontend
Lois,Beckler,esbeck@yahoo.ca,123456789,manager
Katheryn,Drucker,parksh@me.com,123456789,developer
Jules,Basquez,shawnce@gmail.com,123456789,devOps
Nicole,Mynatt,retoh@yahoo.com,123456789,frontend
Aileen,Bumgardner,steveli@yahoo.com,123456789,manager
Bruno,Hardee,ivoibs@icloud.com,123456789,developer
Abraham,Aho,sakusha@icloud.com,123456789,devOps
Alyson,Bonenfant,chronos@att.net,123456789,frontend
Deirdre,Schnur,fangorn@mac.com,123456789,manager
Major,Tiffany,guialbu@me.com,123456789,developer
Mora,Twedt,jonathan@mac.com,123456789,devOps
Venita,Vanduzer,formis@verizon.net,123456789,frontend
Terri,Holts,geeber@comcast.net,123456789,manager
Reid,Russo,subir@sbcglobal.net,123456789,developer
Camilla,Engelbrec,rgarcia@yahoo.ca,123456789,devOps
Etta,Wycoff,martink@me.com,123456789,frontend
Anastasia,Toto,staffelb@yahoo.ca,123456789,manager
Beau,Bartolo,boein@msn.com,123456789,developer
In,Tighe,miyop@comcast.net,123456789,devOps
Kassandra,Mcdonnell,pkplex@comcast.net,123456789,frontend
Halina,Falconer,ninenine@hotmail.com,123456789,manager
Asha,Turlington,janneh@gmail.com,123456789,developer
Glynda,Bowling,murty@optonline.net,123456789,devOps
Ross,Clover,lamky@att.net,123456789,frontend
Noma,Veloz,gommix@msn.com,123456789,manager
Juanita,Stamps,ozawa@icloud.com,123456789,developer
Shin,Hora,dhwon@att.net,123456789,devOps
Debora,Buttner,drolsky@outlook.com,123456789,frontend
Priscila,Deere,north@outlook.com,123456789,manager
Ann,Tookes,smallpaul@msn.com,123456789,developer
Lois,Beckler,esbeck@yahoo.ca,123456789,devOps
Katheryn,Drucker,parksh@me.com,123456789,frontend
Jules,Basquez,shawnce@gmail.com,123456789,manager
Nicole,Mynatt,retoh@yahoo.com,123456789,developer
Aileen,Bumgardner,steveli@yahoo.com,123456789,devOps
Bruno,Hardee,ivoibs@icloud.com,123456789,frontend
Abraham,Aho,sakusha@icloud.com,123456789,manager
Alyson,Bonenfant,chronos@att.net,123456789,developer
Deirdre,Schnur,fangorn@mac.com,123456789,devOps
Major,Tiffany,guialbu@me.com,123456789,frontend
Mora,Twedt,jonathan@mac.com,123456789,manager
Venita,Vanduzer,formis@verizon.net,123456789,developer
Terri,Holts,geeber@comcast.net,123456789,devOps
Reid,Russo,subir@sbcglobal.net,123456789,frontend
Camilla,Engelbrec,rgarcia@yahoo.ca,123456789,manager
Etta,Wycoff,martink@me.com,123456789,developer
Anastasia,Toto,staffelb@yahoo.ca,123456789,devOps
Beau,Bartolo,boein@msn.com,123456789,frontend
In,Tighe,miyop@comcast.net,123456789,manager
Kassandra,Mcdonnell,pkplex@comcast.net,123456789,developer
Halina,Falconer,ninenine@hotmail.com,123456789,devOps
Asha,Turlington,janneh@gmail.com,123456789,frontend
Glynda,Bowling,murty@optonline.net,123456789,manager
Ross,Clover,lamky@att.net,123456789,developer
Noma,Veloz,gommix@msn.com,123456789,devOps
Juanita,Stamps,ozawa@icloud.com,123456789,frontend
Shin,Hora,dhwon@att.net,123456789,manager
Debora,Buttner,drolsky@outlook.com,123456789,developer
Priscila,Deere,north@outlook.com,123456789,devOps
Ann,Tookes,smallpaul@msn.com,123456789,frontend
Lois,Beckler,esbeck@yahoo.ca,123456789,manager
Katheryn,Drucker,parksh@me.com,123456789,developer
Jules,Basquez,shawnce@gmail.com,123456789,devOps
Nicole,Mynatt,retoh@yahoo.com,123456789,frontend
Aileen,Bumgardner,steveli@yahoo.com,123456789,manager
Bruno,Hardee,ivoibs@icloud.com,123456789,developer
Abraham,Aho,sakusha@icloud.com,123456789,devOps
Alyson,Bonenfant,chronos@att.net,123456789,frontend
Deirdre,Schnur,fangorn@mac.com,123456789,manager
Major,Tiffany,guialbu@me.com,123456789,developer
Mora,Twedt,jonathan@mac.com,123456789,devOps
Venita,Vanduzer,formis@verizon.net,123456789,frontend
Terri,Holts,geeber@comcast.net,123456789,manager
Reid,Russo,subir@sbcglobal.net,123456789,developer
Camilla,Engelbrec,rgarcia@yahoo.ca,123456789,devOps
Etta,Wycoff,martink@me.com,123456789,frontend
Anastasia,Toto,staffelb@yahoo.ca,123456789,manager
Beau,Bartolo,boein@msn.com,123456789,developer
In,Tighe,miyop@comcast.net,123456789,devOps
Kassandra,Mcdonnell,pkplex@comcast.net,123456789,frontend
Halina,Falconer,ninenine@hotmail.com,123456789,manager
Asha,Turlington,janneh@gmail.com,123456789,developer
Glynda,Bowling,murty@optonline.net,123456789,devOps
Ross,Clover,lamky@att.net,123456789,frontend
Noma,Veloz,gommix@msn.com,123456789,manager
Juanita,Stamps,ozawa@icloud.com,123456789,developer
Shin,Hora,dhwon@att.net,123456789,devOps
Debora,Buttner,drolsky@outlook.com,123456789,frontend
Priscila,Deere,north@outlook.com,123456789,manager
Ann,Tookes,smallpaul@msn.com,123456789,developer
Lois,Beckler,esbeck@yahoo.ca,123456789,devOps
Katheryn,Drucker,parksh@me.com,123456789,frontend
Jules,Basquez,shawnce@gmail.com,123456789,manager
Nicole,Mynatt,retoh@yahoo.com,123456789,developer
Aileen,Bumgardner,steveli@yahoo.com,123456789,devOps
Bruno,Hardee,ivoibs@icloud.com,123456789,frontend
Abraham,Aho,sakusha@icloud.com,123456789,manager
Alyson,Bonenfant,chronos@att.net,123456789,developer
Deirdre,Schnur,fangorn@mac.com,123456789,devOps
Major,Tiffany,guialbu@me.com,123456789,frontend
Mora,Twedt,jonathan@mac.com,123456789,manager
Venita,Vanduzer,formis@verizon.net,123456789,developer
Terri,Holts,geeber@comcast.net,123456789,devOps
Reid,Russo,subir@sbcglobal.net,123456789,frontend
Camilla,Engelbrec,rgarcia@yahoo.ca,123456789,manager
Etta,Wycoff,martink@me.com,123456789,developer
Anastasia,Toto,staffelb@yahoo.ca,123456789,devOps
Beau,Bartolo,boein@msn.com,123456789,frontend
In,Tighe,miyop@comcast.net,123456789,manager
Kassandra,Mcdonnell,pkplex@comcast.net,123456789,developer
Halina,Falconer,ninenine@hotmail.com,123456789,devOps
Asha,Turlington,janneh@gmail.com,123456789,frontend
Glynda,Bowling,murty@optonline.net,123456789,manager
Ross,Clover,lamky@att.net,123456789,developer
Noma,Veloz,gommix@msn.com,123456789,devOps
Juanita,Stamps,ozawa@icloud.com,123456789,frontend
Shin,Hora,dhwon@att.net,123456789,manager
Debora,Buttner,drolsky@outlook.com,123456789,developer
Priscila,Deere,north@outlook.com,123456789,devOps
Ann,Tookes,smallpaul@msn.com,123456789,frontend
Lois,Beckler,esbeck@yahoo.ca,123456789,manager
Katheryn,Drucker,parksh@me.com,123456789,developer
Jules,Basquez,shawnce@gmail.com,123456789,devOps
Nicole,Mynatt,retoh@yahoo.com,123456789,frontend
Aileen,Bumgardner,steveli@yahoo.com,123456789,manager
Bruno,Hardee,ivoibs@icloud.com,123456789,developer
Abraham,Aho,sakusha@icloud.com,123456789,devOps
Alyson,Bonenfant,chronos@att.net,123456789,frontend
Deirdre,Schnur,fangorn@mac.com,123456789,manager
Major,Tiffany,guialbu@me.com,123456789,developer
Mora,Twedt,jonathan@mac.com,123456789,devOps
Venita,Vanduzer,formis@verizon.net,123456789,frontend
Terri,Holts,geeber@comcast.net,123456789,manager
Reid,Russo,subir@sbcglobal.net,123456789,developer
Camilla,Engelbrec,rgarcia@yahoo.ca,123456789,devOps
Etta,Wycoff,martink@me.com,123456789,frontend
Anastasia,Toto,staffelb@yahoo.ca,123456789,manager
Beau,Bartolo,boein@msn.com,123456789,developer
In,Tighe,miyop@comcast.net,123456789,devOps
Kassandra,Mcdonnell,pkplex@comcast.net,123456789,frontend
Halina,Falconer,ninenine@hotmail.com,123456789,manager
Asha,Turlington,janneh@gmail.com,123456789,developer
Glynda,Bowling,murty@optonline.net,123456789,devOps
Ross,Clover,lamky@att.net,123456789,frontend
Noma,Veloz,gommix@msn.com,123456789,manager
Juanita,Stamps,ozawa@icloud.com,123456789,developer
Shin,Hora,dhwon@att.net,123456789,devOps
Debora,Buttner,drolsky@outlook.com,123456789,frontend
Priscila,Deere,north@outlook.com,123456789,manager
Ann,Tookes,smallpaul@msn.com,123456789,developer
Lois,Beckler,esbeck@yahoo.ca,123456789,devOps
Katheryn,Drucker,parksh@me.com,123456789,frontend
Jules,Basquez,shawnce@gmail.com,123456789,manager
Nicole,Mynatt,retoh@yahoo.com,123456789,developer
Aileen,Bumgardner,steveli@yahoo.com,123456789,devOps
Bruno,Hardee,ivoibs@icloud.com,123456789,frontend
Abraham,Aho,sakusha@icloud.com,123456789,manager
Alyson,Bonenfant,chronos@att.net,123456789,developer
Deirdre,Schnur,fangorn@mac.com,123456789,devOps
Major,Tiffany,guialbu@me.com,123456789,frontend
Mora,Twedt,jonathan@mac.com,123456789,manager
Venita,Vanduzer,formis@verizon.net,123456789,developer
Terri,Holts,geeber@comcast.net,123456789,devOps
Reid,Russo,subir@sbcglobal.net,123456789,frontend
Camilla,Engelbrec,rgarcia@yahoo.ca,123456789,manager
Etta,Wycoff,martink@me.com,123456789,developer
Anastasia,Toto,staffelb@yahoo.ca,123456789,devOps
Beau,Bartolo,boein@msn.com,123456789,frontend
In,Tighe,miyop@comcast.net,123456789,manager
Kassandra,Mcdonnell,pkplex@comcast.net,123456789,developer
Halina,Falconer,ninenine@hotmail.com,123456789,devOps
Asha,Turlington,janneh@gmail.com,123456789,frontend
Glynda,Bowling,murty@optonline.net,123456789,manager
Ross,Clover,lamky@att.net,123456789,developer
Noma,Veloz,gommix@msn.com,123456789,devOps
Juanita,Stamps,ozawa@icloud.com,123456789,frontend
Shin,Hora,dhwon@att.net,123456789,manager
Debora,Buttner,drolsky@outlook.com,123456789,developer
Priscila,Deere,north@outlook.com,123456789,devOps
Ann,Tookes,smallpaul@msn.com,123456789,frontend
Lois,Beckler,esbeck@yahoo.ca,123456789,manager
Katheryn,Drucker,parksh@me.com,123456789,developer
Jules,Basquez,shawnce@gmail.com,123456789,devOps
Nicole,Mynatt,retoh@yahoo.com,123456789,frontend
Aileen,Bumgardner,steveli@yahoo.com,123456789,manager
Bruno,Hardee,ivoibs@icloud.com,123456789,developer
Abraham,Aho,sakusha@icloud.com,123456789,devOps
Alyson,Bonenfant,chronos@att.net,123456789,frontend
Deirdre,Schnur,fangorn@mac.com,123456789,manager
Major,Tiffany,guialbu@me.com,123456789,developer
Mora,Twedt,jonathan@mac.com,123456789,devOps
Venita,Vanduzer,formis@verizon.net,123456789,frontend
Terri,Holts,geeber@comcast.net,123456789,manager
Reid,Russo,subir@sbcglobal.net,123456789,developer
Camilla,Engelbrec,rgarcia@yahoo.ca,123456789,devOps
Etta,Wycoff,martink@me.com,123456789,frontend
Anastasia,Toto,staffelb@yahoo.ca,123456789,manager
Beau,Bartolo,boein@msn.com,123456789,developer
In,Tighe,miyop@comcast.net,123456789,devOps
Kassandra,Mcdonnell,pkplex@comcast.net,123456789,frontend
Halina,Falconer,ninenine@hotmail.com,123456789,manager
Asha,Turlington,janneh@gmail.com,123456789,developer
Glynda,Bowling,murty@optonline.net,123456789,devOps
Ross,Clover,lamky@att.net,123456789,frontend
Noma,Veloz,gommix@msn.com,123456789,manager
Juanita,Stamps,ozawa@icloud.com,123456789,developer
Shin,Hora,dhwon@att.net,123456789,devOps
Debora,Buttner,drolsky@outlook.com,123456789,frontend
Priscila,Deere,north@outlook.com,123456789,manager
Ann,Tookes,smallpaul@msn.com,123456789,developer
Lois,Beckler,esbeck@yahoo.ca,123456789,devOps
Katheryn,Drucker,parksh@me.com,123456789,frontend
Jules,Basquez,shawnce@gmail.com,123456789,manager
Nicole,Mynatt,retoh@yahoo.com,123456789,developer
Aileen,Bumgardner,steveli@yahoo.com,123456789,devOps
Bruno,Hardee,ivoibs@icloud.com,123456789,frontend
Abraham,Aho,sakusha@icloud.com,123456789,manager
Alyson,Bonenfant,chronos@att.net,123456789,developer
Deirdre,Schnur,fangorn@mac.com,123456789,devOps
Major,Tiffany,guialbu@me.com,123456789,frontend
Mora,Twedt,jonathan@mac.com,123456789,manager
Venita,Vanduzer,formis@verizon.net,123456789,developer
Terri,Holts,geeber@comcast.net,123456789,devOps
Reid,Russo,subir@sbcglobal.net,123456789,frontend
Camilla,Engelbrec,rgarcia@yahoo.ca,123456789,manager
Etta,Wycoff,martink@me.com,123456789,developer
Anastasia,Toto,staffelb@yahoo.ca,123456789,devOps
Beau,Bartolo,boein@msn.com,123456789,frontend
In,Tighe,miyop@comcast.net,123456789,manager
Kassandra,Mcdonnell,pkplex@comcast.net,123456789,developer
Halina,Falconer,ninenine@hotmail.com,123456789,devOps
Asha,Turlington,janneh@gmail.com,123456789,frontend
Glynda,Bowling,murty@optonline.net,123456789,manager
Ross,Clover,lamky@att.net,123456789,developer
Noma,Veloz,gommix@msn.com,123456789,devOps
Juanita,Stamps,ozawa@icloud.com,123456789,frontend
Shin,Hora,dhwon@att.net,123456789,manager
Debora,Buttner,drolsky@outlook.com,123456789,developer
Priscila,Deere,north@outlook.com,123456789,devOps
Ann,Tookes,smallpaul@msn.com,123456789,frontend
Lois,Beckler,esbeck@yahoo.ca,123456789,manager
Katheryn,Drucker,parksh@me.com,123456789,developer
Jules,Basquez,shawnce@gmail.com,123456789,devOps
Nicole,Mynatt,retoh@yahoo.com,123456789,frontend
Aileen,Bumgardner,steveli@yahoo.com,123456789,manager
Bruno,Hardee,ivoibs@icloud.com,123456789,developer
Abraham,Aho,sakusha@icloud.com,123456789,devOps
Alyson,Bonenfant,chronos@att.net,123456789,frontend
Deirdre,Schnur,fangorn@mac.com,123456789,manager
Major,Tiffany,guialbu@me.com,123456789,developer
Mora,Twedt,jonathan@mac.com,123456789,devOps
Venita,Vanduzer,formis@verizon.net,123456789,frontend
Terri,Holts,geeber@comcast.net,123456789,manager
Reid,Russo,subir@sbcglobal.net,123456789,developer
Camilla,Engelbrec,rgarcia@yahoo.ca,123456789,devOps
Etta,Wycoff,martink@me.com,123456789,frontend
Anastasia,Toto,staffelb@yahoo.ca,123456789,manager
Beau,Bartolo,boein@msn.com,123456789,developer
In,Tighe,miyop@comcast.net,123456789,devOps
Kassandra,Mcdonnell,pkplex@comcast.net,123456789,frontend
Halina,Falconer,ninenine@hotmail.com,123456789,manager
Asha,Turlington,janneh@gmail.com,123456789,developer
Glynda,Bowling,murty@optonline.net,123456789,devOps
Ross,Clover,lamky@att.net,123456789,frontend
Noma,Veloz,gommix@msn.com,123456789,manager
Juanita,Stamps,ozawa@icloud.com,123456789,developer
Shin,Hora,dhwon@att.net,123456789,devOps
Debora,Buttner,drolsky@outlook.com,123456789,frontend
Priscila,Deere,north@outlook.com,123456789,manager
Ann,Tookes,smallpaul@msn.com,123456789,developer
Lois,Beckler,esbeck@yahoo.ca,123456789,devOps
Katheryn,Drucker,parksh@me.com,123456789,frontend
Jules,Basquez,shawnce@gmail.com,123456789,manager
Nicole,Mynatt,retoh@yahoo.com,123456789,developer
Aileen,Bumgardner,steveli@yahoo.com,123456789,devOps
Bruno,Hardee,ivoibs@icloud.com,123456789,frontend
Abraham,Aho,sakusha@icloud.com,123456789,manager
Alyson,Bonenfant,chronos@att.net,123456789,developer
Deirdre,Schnur,fangorn@mac.com,123456789,devOps
Major,Tiffany,guialbu@me.com,123456789,frontend
Mora,Twedt,jonathan@mac.com,123456789,manager
Venita,Vanduzer,formis@verizon.net,123456789,developer
Terri,Holts,geeber@comcast.net,123456789,devOps
Reid,Russo,subir@sbcglobal.net,123456789,frontend
Camilla,Engelbrec,rgarcia@yahoo.ca,123456789,manager
Etta,Wycoff,martink@me.com,123456789,developer
Anastasia,Toto,staffelb@yahoo.ca,123456789,devOps
Beau,Bartolo,boein@msn.com,123456789,frontend
In,Tighe,miyop@comcast.net,123456789,manager
Kassandra,Mcdonnell,pkplex@comcast.net,123456789,developer
Halina,Falconer,ninenine@hotmail.com,123456789,devOps
Asha,Turlington,janneh@gmail.com,123456789,frontend
Glynda,Bowling,murty@optonline.net,123456789,manager
Ross,Clover,lamky@att.net,123456789,developer
Noma,Veloz,gommix@msn.com,123456789,devOps
Juanita,Stamps,ozawa@icloud.com,123456789,frontend
Shin,Hora,dhwon@att.net,123456789,manager
Debora,Buttner,drolsky@outlook.com,123456789,developer
Priscila,Deere,north@outlook.com,123456789,devOps
Ann,Tookes,smallpaul@msn.com,123456789,frontend
Lois,Beckler,esbeck@yahoo.ca,123456789,manager
Katheryn,Drucker,parksh@me.com,123456789,developer
Jules,Basquez,shawnce@gmail.com,123456789,devOps
Nicole,Mynatt,retoh@yahoo.com,123456789,frontend
Aileen,Bumgardner,steveli@yahoo.com,123456789,manager
Bruno,Hardee,ivoibs@icloud.com,123456789,developer
Abraham,Aho,sakusha@icloud.com,123456789,devOps
Alyson,Bonenfant,chronos@att.net,123456789,frontend
Deirdre,Schnur,fangorn@mac.com,123456789,manager
Major,Tiffany,guialbu@me.com,123456789,developer
Mora,Twedt,jonathan@mac.com,123456789,devOps
Venita,Vanduzer,formis@verizon.net,123456789,frontend
Terri,Holts,geeber@comcast.net,123456789,manager
Reid,Russo,subir@sbcglobal.net,123456789,developer
Camilla,Engelbrec,rgarcia@yahoo.ca,123456789,devOps
Etta,Wycoff,martink@me.com,123456789,frontend
Anastasia,Toto,staffelb@yahoo.ca,123456789,manager
Beau,Bartolo,boein@msn.com,123456789,developer
In,Tighe,miyop@comcast.net,123456789,devOps
Kassandra,Mcdonnell,pkplex@comcast.net,123456789,frontend
Halina,Falconer,ninenine@hotmail.com,123456789,manager
Asha,Turlington,janneh@gmail.com,123456789,developer
Glynda,Bowling,murty@optonline.net,123456789,devOps
Ross,Clover,lamky@att.net,123456789,frontend
Noma,Veloz,gommix@msn.com,123456789,manager
Juanita,Stamps,ozawa@icloud.com,123456789,developer
Shin,Hora,dhwon@att.net,123456789,devOps
Debora,Buttner,drolsky@outlook.com,123456789,frontend
Priscila,Deere,north@outlook.com,123456789,manager
Ann,Tookes,smallpaul@msn.com,123456789,developer
Lois,Beckler,esbeck@yahoo.ca,123456789,devOps
Katheryn,Drucker,parksh@me.com,123456789,frontend
Jules,Basquez,shawnce@gmail.com,123456789,manager
Nicole,Mynatt,retoh@yahoo.com,123456789,developer
Aileen,Bumgardner,steveli@yahoo.com,123456789,devOps
Bruno,Hardee,ivoibs@icloud.com,123456789,frontend
Abraham,Aho,sakusha@icloud.com,123456789,manager
Alyson,Bonenfant,chronos@att.net,123456789,developer
Deirdre,Schnur,fangorn@mac.com,123456789,devOps
Major,Tiffany,guialbu@me.com,123456789,frontend
Mora,Twedt,jonathan@mac.com,123456789,manager
Venita,Vanduzer,formis@verizon.net,123456789,developer
Terri,Holts,geeber@comcast.net,123456789,devOps
Reid,Russo,subir@sbcglobal.net,123456789,frontend
Camilla,Engelbrec,rgarcia@yahoo.ca,123456789,manager
Etta,Wycoff,martink@me.com,123456789,developer
Anastasia,Toto,staffelb@yahoo.ca,123456789,devOps
Beau,Bartolo,boein@msn.com,123456789,frontend
In,Tighe,miyop@comcast.net,123456789,manager
Kassandra,Mcdonnell,pkplex@comcast.net,123456789,developer
Halina,Falconer,ninenine@hotmail.com,123456789,devOps
Asha,Turlington,janneh@gmail.com,123456789,frontend
Glynda,Bowling,murty@optonline.net,123456789,manager
Ross,Clover,lamky@att.net,123456789,developer
Noma,Veloz,gommix@msn.com,123456789,devOps
Juanita,Stamps,ozawa@icloud.com,123456789,frontend
Shin,Hora,dhwon@att.net,123456789,manager
Debora,Buttner,drolsky@outlook.com,123456789,developer
Priscila,Deere,north@outlook.com,123456789,devOps
Ann,Tookes,smallpaul@msn.com,123456789,frontend
Lois,Beckler,esbeck@yahoo.ca,123456789,manager
Katheryn,Drucker,parksh@me.com,123456789,developer
Jules,Basquez,shawnce@gmail.com,123456789,devOps
Nicole,Mynatt,retoh@yahoo.com,123456789,frontend
Aileen,Bumgardner,steveli@yahoo.com,123456789,manager
Bruno,Hardee,ivoibs@icloud.com,123456789,developer
Abraham,Aho,sakusha@icloud.com,123456789,devOps
Alyson,Bonenfant,chronos@att.net,123456789,frontend
Deirdre,Schnur,fangorn@mac.com,123456789,manager
Major,Tiffany,guialbu@me.com,123456789,developer
Mora,Twedt,jonathan@mac.com,123456789,devOps
Venita,Vanduzer,formis@verizon.net,123456789,frontend
Terri,Holts,geeber@comcast.net,123456789,manager
Reid,Russo,subir@sbcglobal.net,123456789,developer
Camilla,Engelbrec,rgarcia@yahoo.ca,123456789,devOps
Etta,Wycoff,martink@me.com,123456789,frontend
Anastasia,Toto,staffelb@yahoo.ca,123456789,manager
Beau,Bartolo,boein@msn.com,123456789,developer
In,Tighe,miyop@comcast.net,123456789,devOps
Kassandra,Mcdonnell,pkplex@comcast.net,123456789,frontend
Halina,Falconer,ninenine@hotmail.com,123456789,manager
Asha,Turlington,janneh@gmail.com,123456789,developer
Glynda,Bowling,murty@optonline.net,123456789,devOps
Ross,Clover,lamky@att.net,123456789,frontend
Noma,Veloz,gommix@msn.com,123456789,manager
Juanita,Stamps,ozawa@icloud.com,123456789,developer
Shin,Hora,dhwon@att.net,123456789,devOps
Debora,Buttner,drolsky@outlook.com,123456789,frontend
Priscila,Deere,north@outlook.com,123456789,manager
Ann,Tookes,smallpaul@msn.com,123456789,developer
Lois,Beckler,esbeck@yahoo.ca,123456789,devOps
Katheryn,Drucker,parksh@me.com,123456789,frontend
Jules,Basquez,shawnce@gmail.com,123456789,manager
Nicole,Mynatt,retoh@yahoo.com,123456789,developer
Aileen,Bumgardner,steveli@yahoo.com,123456789,devOps
Bruno,Hardee,ivoibs@icloud.com,123456789,frontend
Abraham,Aho,sakusha@icloud.com,123456789,manager
Alyson,Bonenfant,chronos@att.net,123456789,developer
Deirdre,Schnur,fangorn@mac.com,123456789,devOps
Major,Tiffany,guialbu@me.com,123456789,frontend
Mora,Twedt,jonathan@mac.com,123456789,manager
Venita,Vanduzer,formis@verizon.net,123456789,developer
Terri,Holts,geeber@comcast.net,123456789,devOps
Reid,Russo,subir@sbcglobal.net,123456789,frontend
Camilla,Engelbrec,rgarcia@yahoo.ca,123456789,manager
Etta,Wycoff,martink@me.com,123456789,developer
Anastasia,Toto,staffelb@yahoo.ca,123456789,devOps
Beau,Bartolo,boein@msn.com,123456789,frontend
In,Tighe,miyop@comcast.net,123456789,manager
Kassandra,Mcdonnell,pkplex@comcast.net,123456789,developer
Halina,Falconer,ninenine@hotmail.com,123456789,devOps
Asha,Turlington,janneh@gmail.com,123456789,frontend
Glynda,Bowling,murty@optonline.net,123456789,manager
Ross,Clover,lamky@att.net,123456789,developer
Noma,Veloz,gommix@msn.com,123456789,devOps
Juanita,Stamps,ozawa@icloud.com,123456789,frontend
Shin,Hora,dhwon@att.net,123456789,manager
Debora,Buttner,drolsky@outlook.com,123456789,developer
Priscila,Deere,north@outlook.com,123456789,devOps
Ann,Tookes,smallpaul@msn.com,123456789,frontend
Lois,Beckler,esbeck@yahoo.ca,123456789,manager
Katheryn,Drucker,parksh@me.com,123456789,developer
Jules,Basquez,shawnce@gmail.com,123456789,devOps
Nicole,Mynatt,retoh@yahoo.com,123456789,frontend
Aileen,Bumgardner,steveli@yahoo.com,123456789,manager
Bruno,Hardee,ivoibs@icloud.com,123456789,developer
Abraham,Aho,sakusha@icloud.com,123456789,devOps
Alyson,Bonenfant,chronos@att.net,123456789,frontend
Deirdre,Schnur,fangorn@mac.com,123456789,manager
Major,Tiffany,guialbu@me.com,123456789,developer
Mora,Twedt,jonathan@mac.com,123456789,devOps
Venita,Vanduzer,formis@verizon.net,123456789,frontend
Terri,Holts,geeber@comcast.net,123456789,manager
Reid,Russo,subir@sbcglobal.net,123456789,developer
Camilla,Engelbrec,rgarcia@yahoo.ca,123456789,devOps
Etta,Wycoff,martink@me.com,123456789,frontend
Anastasia,Toto,staffelb@yahoo.ca,123456789,manager
Beau,Bartolo,boein@msn.com,123456789,developer
In,Tighe,miyop@comcast.net,123456789,devOps
Kassandra,Mcdonnell,pkplex@comcast.net,123456789,frontend
Halina,Falconer,ninenine@hotmail.com,123456789,manager
Asha,Turlington,janneh@gmail.com,123456789,developer
Glynda,Bowling,murty@optonline.net,123456789,devOps
Ross,Clover,lamky@att.net,123456789,frontend
Noma,Veloz,gommix@msn.com,123456789,manager
Juanita,Stamps,ozawa@icloud.com,123456789,developer
Shin,Hora,dhwon@att.net,123456789,devOps
Debora,Buttner,drolsky@outlook.com,123456789,frontend
Priscila,Deere,north@outlook.com,123456789,manager
Ann,Tookes,smallpaul@msn.com,123456789,developer
Lois,Beckler,esbeck@yahoo.ca,123456789,devOps
Katheryn,Drucker,parksh@me.com,123456789,frontend
Jules,Basquez,shawnce@gmail.com,123456789,manager
Nicole,Mynatt,retoh@yahoo.com,123456789,developer
Aileen,Bumgardner,steveli@yahoo.com,123456789,devOps
Bruno,Hardee,ivoibs@icloud.com,123456789,frontend
Abraham,Aho,sakusha@icloud.com,123456789,manager
Alyson,Bonenfant,chronos@att.net,123456789,developer
Deirdre,Schnur,fangorn@mac.com,123456789,devOps
Major,Tiffany,guialbu@me.com,123456789,frontend
Mora,Twedt,jonathan@mac.com,123456789,manager
Venita,Vanduzer,formis@verizon.net,123456789,developer
Terri,Holts,geeber@comcast.net,123456789,devOps
Reid,Russo,subir@sbcglobal.net,123456789,frontend
Camilla,Engelbrec,rgarcia@yahoo.ca,123456789,manager
Etta,Wycoff,martink@me.com,123456789,developer
Anastasia,Toto,staffelb@yahoo.ca,123456789,devOps
Beau,Bartolo,boein@msn.com,123456789,frontend
In,Tighe,miyop@comcast.net,123456789,manager
Kassandra,Mcdonnell,pkplex@comcast.net,123456789,developer
Halina,Falconer,ninenine@hotmail.com,123456789,devOps
Asha,Turlington,janneh@gmail.com,123456789,frontend
Glynda,Bowling,murty@optonline.net,123456789,manager
Ross,Clover,lamky@att.net,123456789,developer
Noma,Veloz,gommix@msn.com,123456789,devOps
Juanita,Stamps,ozawa@icloud.com,123456789,frontend
Shin,Hora,dhwon@att.net,123456789,manager
Debora,Buttner,drolsky@outlook.com,123456789,developer
Priscila,Deere,north@outlook.com,123456789,devOps
Ann,Tookes,smallpaul@msn.com,123456789,frontend
Lois,Beckler,esbeck@yahoo.ca,123456789,manager
Katheryn,Drucker,parksh@me.com,123456789,developer
Jules,Basquez,shawnce@gmail.com,123456789,devOps
Nicole,Mynatt,retoh@yahoo.com,123456789,frontend
Aileen,Bumgardner,steveli@yahoo.com,123456789,manager
Bruno,Hardee,ivoibs@icloud.com,123456789,developer
Abraham,Aho,sakusha@icloud.com,123456789,devOps
Alyson,Bonenfant,chronos@att.net,123456789,frontend
Deirdre,Schnur,fangorn@mac.com,123456789,manager
Major,Tiffany,guialbu@me.com,123456789,developer
Mora,Twedt,jonathan@mac.com,123456789,devOps
Venita,Vanduzer,formis@verizon.net,123456789,frontend
Terri,Holts,geeber@comcast.net,123456789,manager
Reid,Russo,subir@sbcglobal.net,123456789,developer
Camilla,Engelbrec,rgarcia@yahoo.ca,123456789,devOps
Etta,Wycoff,martink@me.com,123456789,frontend
Anastasia,Toto,staffelb@yahoo.ca,123456789,manager
Beau,Bartolo,boein@msn.com,123456789,developer
In,Tighe,miyop@comcast.net,123456789,devOps
Kassandra,Mcdonnell,pkplex@comcast.net,123456789,frontend
Halina,Falconer,ninenine@hotmail.com,123456789,manager
Asha,Turlington,janneh@gmail.com,123456789,developer
Glynda,Bowling,murty@optonline.net,123456789,devOps
Ross,Clover,lamky@att.net,123456789,frontend
Noma,Veloz,gommix@msn.com,123456789,manager
Juanita,Stamps,ozawa@icloud.com,123456789,developer
Shin,Hora,dhwon@att.net,123456789,devOps
Debora,Buttner,drolsky@outlook.com,123456789,frontend
Priscila,Deere,north@outlook.com,123456789,manager
Ann,Tookes,smallpaul@msn.com,123456789,developer
Lois,Beckler,esbeck@yahoo.ca,123456789,devOps
Katheryn,Drucker,parksh@me.com,123456789,frontend
Jules,Basquez,shawnce@gmail.com,123456789,manager
Nicole,Mynatt,retoh@yahoo.com,123456789,developer
Aileen,Bumgardner,steveli@yahoo.com,123456789,devOps
Bruno,Hardee,ivoibs@icloud.com,123456789,frontend
Abraham,Aho,sakusha@icloud.com,123456789,manager
Alyson,Bonenfant,chronos@att.net,123456789,developer
Deirdre,Schnur,fangorn@mac.com,123456789,devOps
Major,Tiffany,guialbu@me.com,123456789,frontend
Mora,Twedt,jonathan@mac.com,123456789,manager
Venita,Vanduzer,formis@verizon.net,123456789,developer
Terri,Holts,geeber@comcast.net,123456789,devOps
Reid,Russo,subir@sbcglobal.net,123456789,frontend
Camilla,Engelbrec,rgarcia@yahoo.ca,123456789,manager
Etta,Wycoff,martink@me.com,123456789,developer
Anastasia,Toto,staffelb@yahoo.ca,123456789,devOps
Beau,Bartolo,boein@msn.com,123456789,frontend
In,Tighe,miyop@comcast.net,123456789,manager
Kassandra,Mcdonnell,pkplex@comcast.net,123456789,developer
Halina,Falconer,ninenine@hotmail.com,123456789,devOps
Asha,Turlington,janneh@gmail.com,123456789,frontend
Glynda,Bowling,murty@optonline.net,123456789,manager
Ross,Clover,lamky@att.net,123456789,developer
Noma,Veloz,gommix@msn.com,123456789,devOps
Juanita,Stamps,ozawa@icloud.com,123456789,frontend
Shin,Hora,dhwon@att.net,123456789,manager
Debora,Buttner,drolsky@outlook.com,123456789,developer
Priscila,Deere,north@outlook.com,123456789,devOps
Ann,Tookes,smallpaul@msn.com,123456789,frontend
Lois,Beckler,esbeck@yahoo.ca,123456789,manager
Katheryn,Drucker,parksh@me.com,123456789,developer
Jules,Basquez,shawnce@gmail.com,123456789,devOps
Nicole,Mynatt,retoh@yahoo.com,123456789,frontend
Aileen,Bumgardner,steveli@yahoo.com,123456789,manager
Bruno,Hardee,ivoibs@icloud.com,123456789,developer
Abraham,Aho,sakusha@icloud.com,123456789,devOps
Alyson,Bonenfant,chronos@att.net,123456789,frontend
Deirdre,Schnur,fangorn@mac.com,123456789,manager
Major,Tiffany,guialbu@me.com,123456789,developer
Mora,Twedt,jonathan@mac.com,123456789,devOps
Venita,Vanduzer,formis@verizon.net,123456789,frontend
Terri,Holts,geeber@comcast.net,123456789,manager
Reid,Russo,subir@sbcglobal.net,123456789,developer
Camilla,Engelbrec,rgarcia@yahoo.ca,123456789,devOps
Etta,Wycoff,martink@me.com,123456789,frontend
Anastasia,Toto,staffelb@yahoo.ca,123456789,manager
Beau,Bartolo,boein@msn.com,123456789,developer
In,Tighe,miyop@comcast.net,123456789,devOps
Kassandra,Mcdonnell,pkplex@comcast.net,123456789,frontend
Halina,Falconer,ninenine@hotmail.com,123456789,manager
Asha,Turlington,janneh@gmail.com,123456789,developer
Glynda,Bowling,murty@optonline.net,123456789,devOps
Ross,Clover,lamky@att.net,123456789,frontend
Noma,Veloz,gommix@msn.com,123456789,manager
Juanita,Stamps,ozawa@icloud.com,123456789,developer
Shin,Hora,dhwon@att.net,123456789,devOps
Debora,Buttner,drolsky@outlook.com,123456789,frontend
Priscila,Deere,north@outlook.com,123456789,manager
Ann,Tookes,smallpaul@msn.com,123456789,developer
Lois,Beckler,esbeck@yahoo.ca,123456789,devOps
Katheryn,Drucker,parksh@me.com,123456789,frontend
Jules,Basquez,shawnce@gmail.com,123456789,manager
Nicole,Mynatt,retoh@yahoo.com,123456789,developer
Aileen,Bumgardner,steveli@yahoo.com,123456789,devOps
Bruno,Hardee,ivoibs@icloud.com,123456789,frontend
Abraham,Aho,sakusha@icloud.com,123456789,manager
Alyson,Bonenfant,chronos@att.net,123456789,developer
Deirdre,Schnur,fangorn@mac.com,123456789,devOps
Major,Tiffany,guialbu@me.com,123456789,frontend
Mora,Twedt,jonathan@mac.com,123456789,manager
Venita,Vanduzer,formis@verizon.net,123456789,developer
Terri,Holts,geeber@comcast.net,123456789,devOps
Reid,Russo,subir@sbcglobal.net,123456789,frontend
Camilla,Engelbrec,rgarcia@yahoo.ca,123456789,manager
Etta,Wycoff,martink@me.com,123456789,developer
Anastasia,Toto,staffelb@yahoo.ca,123456789,devOps
Beau,Bartolo,boein@msn.com,123456789,frontend
In,Tighe,miyop@comcast.net,123456789,manager
Kassandra,Mcdonnell,pkplex@comcast.net,123456789,developer
Halina,Falconer,ninenine@hotmail.com,123456789,devOps
Asha,Turlington,janneh@gmail.com,123456789,frontend
Glynda,Bowling,murty@optonline.net,123456789,manager
Ross,Clover,lamky@att.net,123456789,developer
Noma,Veloz,gommix@msn.com,123456789,devOps
Juanita,Stamps,ozawa@icloud.com,123456789,frontend
Shin,Hora,dhwon@att.net,123456789,manager
Debora,Buttner,drolsky@outlook.com,123456789,developer
Priscila,Deere,north@outlook.com,123456789,devOps
Ann,Tookes,smallpaul@msn.com,123456789,frontend
Lois,Beckler,esbeck@yahoo.ca,123456789,manager
Katheryn,Drucker,parksh@me.com,123456789,developer
Jules,Basquez,shawnce@gmail.com,123456789,devOps
Nicole,Mynatt,retoh@yahoo.com,123456789,frontend
Aileen,Bumgardner,steveli@yahoo.com,123456789,manager
Bruno,Hardee,ivoibs@icloud.com,123456789,developer
Abraham,Aho,sakusha@icloud.com,123456789,devOps
Alyson,Bonenfant,chronos@att.net,123456789,frontend
Deirdre,Schnur,fangorn@mac.com,123456789,manager
Major,Tiffany,guialbu@me.com,123456789,developer
Mora,Twedt,jonathan@mac.com,123456789,devOps
Venita,Vanduzer,formis@verizon.net,123456789,frontend
Terri,Holts,geeber@comcast.net,123456789,manager
Reid,Russo,subir@sbcglobal.net,123456789,developer
Camilla,Engelbrec,rgarcia@yahoo.ca,123456789,devOps
Etta,Wycoff,martink@me.com,123456789,frontend
Anastasia,Toto,staffelb@yahoo.ca,123456789,manager
Beau,Bartolo,boein@msn.com,123456789,developer
In,Tighe,miyop@comcast.net,123456789,devOps
Kassandra,Mcdonnell,pkplex@comcast.net,123456789,frontend
Halina,Falconer,ninenine@hotmail.com,123456789,manager
Asha,Turlington,janneh@gmail.com,123456789,developer
Glynda,Bowling,murty@optonline.net,123456789,devOps
Ross,Clover,lamky@att.net,123456789,frontend
Noma,Veloz,gommix@msn.com,123456789,manager
Juanita,Stamps,ozawa@icloud.com,123456789,developer
Shin,Hora,dhwon@att.net,123456789,devOps
Debora,Buttner,drolsky@outlook.com,123456789,frontend
Priscila,Deere,north@outlook.com,123456789,manager
Ann,Tookes,smallpaul@msn.com,123456789,developer
Lois,Beckler,esbeck@yahoo.ca,123456789,devOps
Katheryn,Drucker,parksh@me.com,123456789,frontend
Jules,Basquez,shawnce@gmail.com,123456789,manager
Nicole,Mynatt,retoh@yahoo.com,123456789,developer
Aileen,Bumgardner,steveli@yahoo.com,123456789,devOps
Bruno,Hardee,ivoibs@icloud.com,123456789,frontend
Abraham,Aho,sakusha@icloud.com,123456789,manager
Alyson,Bonenfant,chronos@att.net,123456789,developer
Deirdre,Schnur,fangorn@mac.com,123456789,devOps
Major,Tiffany,guialbu@me.com,123456789,frontend
Mora,Twedt,jonathan@mac.com,123456789,manager
Venita,Vanduzer,formis@verizon.net,123456789,developer
Terri,Holts,geeber@comcast.net,123456789,devOps
Reid,Russo,subir@sbcglobal.net,123456789,frontend
Camilla,Engelbrec,rgarcia@yahoo.ca,123456789,manager
Etta,Wycoff,martink@me.com,123456789,developer
Anastasia,Toto,staffelb@yahoo.ca,123456789,devOps
Beau,Bartolo,boein@msn.com,123456789,frontend
In,Tighe,miyop@comcast.net,123456789,manager
Kassandra,Mcdonnell,pkplex@comcast.net,123456789,developer
Halina,Falconer,ninenine@hotmail.com,123456789,devOps
Asha,Turlington,janneh@gmail.com,123456789,frontend
Glynda,Bowling,murty@optonline.net,123456789,manager
Ross,Clover,lamky@att.net,123456789,developer
Noma,Veloz,gommix@msn.com,123456789,devOps
Juanita,Stamps,ozawa@icloud.com,123456789,frontend
Shin,Hora,dhwon@att.net,123456789,manager
Debora,Buttner,drolsky@outlook.com,123456789,developer
Priscila,Deere,north@outlook.com,123456789,devOps
Ann,Tookes,smallpaul@msn.com,123456789,frontend
Lois,Beckler,esbeck@yahoo.ca,123456789,manager
Katheryn,Drucker,parksh@me.com,123456789,developer
Jules,Basquez,shawnce@gmail.com,123456789,devOps
Nicole,Mynatt,retoh@yahoo.com,123456789,frontend
Aileen,Bumgardner,steveli@yahoo.com,123456789,manager
Bruno,Hardee,ivoibs@icloud.com,123456789,developer
Abraham,Aho,sakusha@icloud.com,123456789,devOps
Alyson,Bonenfant,chronos@att.net,123456789,frontend
Deirdre,Schnur,fangorn@mac.com,123456789,manager
Major,Tiffany,guialbu@me.com,123456789,developer
Mora,Twedt,jonathan@mac.com,123456789,devOps
Venita,Vanduzer,formis@verizon.net,123456789,frontend
Terri,Holts,geeber@comcast.net,123456789,manager
Reid,Russo,subir@sbcglobal.net,123456789,developer
Camilla,Engelbrec,rgarcia@yahoo.ca,123456789,devOps
Etta,Wycoff,martink@me.com,123456789,frontend
Anastasia,Toto,staffelb@yahoo.ca,123456789,manager
Beau,Bartolo,boein@msn.com,123456789,developer
In,Tighe,miyop@comcast.net,123456789,devOps
Kassandra,Mcdonnell,pkplex@comcast.net,123456789,frontend
Halina,Falconer,ninenine@hotmail.com,123456789,manager
Asha,Turlington,janneh@gmail.com,123456789,developer
Glynda,Bowling,murty@optonline.net,123456789,devOps
Ross,Clover,lamky@att.net,123456789,frontend
Noma,Veloz,gommix@msn.com,123456789,manager
Juanita,Stamps,ozawa@icloud.com,123456789,developer
Shin,Hora,dhwon@att.net,123456789,devOps
Debora,Buttner,drolsky@outlook.com,123456789,frontend
Priscila,Deere,north@outlook.com,123456789,manager
Ann,Tookes,smallpaul@msn.com,123456789,developer
Lois,Beckler,esbeck@yahoo.ca,123456789,devOps
Katheryn,Drucker,parksh@me.com,123456789,frontend
Jules,Basquez,shawnce@gmail.com,123456789,manager
Nicole,Mynatt,retoh@yahoo.com,123456789,developer
Aileen,Bumgardner,steveli@yahoo.com,123456789,devOps
Bruno,Hardee,ivoibs@icloud.com,123456789,frontend
Abraham,Aho,sakusha@icloud.com,123456789,manager
Alyson,Bonenfant,chronos@att.net,123456789,developer
Deirdre,Schnur,fangorn@mac.com,123456789,devOps
Major,Tiffany,guialbu@me.com,123456789,frontend
Mora,Twedt,jonathan@mac.com,123456789,manager
Venita,Vanduzer,formis@verizon.net,123456789,developer
Terri,Holts,geeber@comcast.net,123456789,devOps
Reid,Russo,subir@sbcglobal.net,123456789,frontend
Camilla,Engelbrec,rgarcia@yahoo.ca,123456789,manager
Etta,Wycoff,martink@me.com,123456789,developer
Anastasia,Toto,staffelb@yahoo.ca,123456789,devOps
Beau,Bartolo,boein@msn.com,123456789,frontend
In,Tighe,miyop@comcast.net,123456789,manager
Kassandra,Mcdonnell,pkplex@comcast.net,123456789,developer
Halina,Falconer,ninenine@hotmail.com,123456789,devOps
Asha,Turlington,janneh@gmail.com,123456789,frontend
Glynda,Bowling,murty@optonline.net,123456789,manager
Ross,Clover,lamky@att.net,123456789,developer
Noma,Veloz,gommix@msn.com,123456789,devOps
Juanita,Stamps,ozawa@icloud.com,123456789,frontend
Shin,Hora,dhwon@att.net,123456789,manager
Debora,Buttner,drolsky@outlook.com,123456789,developer
Priscila,Deere,north@outlook.com,123456789,devOps
Ann,Tookes,smallpaul@msn.com,123456789,frontend
Lois,Beckler,esbeck@yahoo.ca,123456789,manager
Katheryn,Drucker,parksh@me.com,123456789,developer
Jules,Basquez,shawnce@gmail.com,123456789,devOps
Nicole,Mynatt,retoh@yahoo.com,123456789,frontend
Aileen,Bumgardner,steveli@yahoo.com,123456789,manager
Bruno,Hardee,ivoibs@icloud.com,123456789,developer
Abraham,Aho,sakusha@icloud.com,123456789,devOps
Alyson,Bonenfant,chronos@att.net,123456789,frontend
Deirdre,Schnur,fangorn@mac.com,123456789,manager
Major,Tiffany,guialbu@me.com,123456789,developer
Mora,Twedt,jonathan@mac.com,123456789,devOps
Venita,Vanduzer,formis@verizon.net,123456789,frontend
Terri,Holts,geeber@comcast.net,123456789,manager
Reid,Russo,subir@sbcglobal.net,123456789,developer
Camilla,Engelbrec,rgarcia@yahoo.ca,123456789,devOps
Etta,Wycoff,martink@me.com,123456789,frontend
Anastasia,Toto,staffelb@yahoo.ca,123456789,manager
Beau,Bartolo,boein@msn.com,123456789,developer
In,Tighe,miyop@comcast.net,123456789,devOps
Kassandra,Mcdonnell,pkplex@comcast.net,123456789,frontend
Halina,Falconer,ninenine@hotmail.com,123456789,manager
Asha,Turlington,janneh@gmail.com,123456789,developer
Glynda,Bowling,murty@optonline.net,123456789,devOps
Ross,Clover,lamky@att.net,123456789,frontend
Noma,Veloz,gommix@msn.com,123456789,manager
Juanita,Stamps,ozawa@icloud.com,123456789,developer
Shin,Hora,dhwon@att.net,123456789,devOps
Debora,Buttner,drolsky@outlook.com,123456789,frontend
Priscila,Deere,north@outlook.com,123456789,manager
Ann,Tookes,smallpaul@msn.com,123456789,developer
Lois,Beckler,esbeck@yahoo.ca,123456789,devOps
Katheryn,Drucker,parksh@me.com,123456789,frontend
Jules,Basquez,shawnce@gmail.com,123456789,manager
Nicole,Mynatt,retoh@yahoo.com,123456789,developer
Aileen,Bumgardner,steveli@yahoo.com,123456789,devOps
Bruno,Hardee,ivoibs@icloud.com,123456789,frontend
Abraham,Aho,sakusha@icloud.com,123456789,manager
Alyson,Bonenfant,chronos@att.net,123456789,developer
Deirdre,Schnur,fangorn@mac.com,123456789,devOps
Major,Tiffany,guialbu@me.com,123456789,frontend
Mora,Twedt,jonathan@mac.com,123456789,manager
Venita,Vanduzer,formis@verizon.net,123456789,developer
Terri,Holts,geeber@comcast.net,123456789,devOps
Reid,Russo,subir@sbcglobal.net,123456789,frontend
Camilla,Engelbrec,rgarcia@yahoo.ca,123456789,manager
Etta,Wycoff,martink@me.com,123456789,developer
Anastasia,Toto,staffelb@yahoo.ca,123456789,devOps
Beau,Bartolo,boein@msn.com,123456789,frontend
In,Tighe,miyop@comcast.net,123456789,manager
Kassandra,Mcdonnell,pkplex@comcast.net,123456789,developer
Halina,Falconer,ninenine@hotmail.com,123456789,devOps
Asha,Turlington,janneh@gmail.com,123456789,frontend
Glynda,Bowling,murty@optonline.net,123456789,manager
Ross,Clover,lamky@att.net,123456789,developer
Noma,Veloz,gommix@msn.com,123456789,devOps
Juanita,Stamps,ozawa@icloud.com,123456789,frontend
Shin,Hora,dhwon@att.net,123456789,manager
Debora,Buttner,drolsky@outlook.com,123456789,developer
Priscila,Deere,north@outlook.com,123456789,devOps
Ann,Tookes,smallpaul@msn.com,123456789,frontend
Lois,Beckler,esbeck@yahoo.ca,123456789,manager
Katheryn,Drucker,parksh@me.com,123456789,developer
Jules,Basquez,shawnce@gmail.com,123456789,devOps
Nicole,Mynatt,retoh@yahoo.com,123456789,frontend
Aileen,Bumgardner,steveli@yahoo.com,123456789,manager
Bruno,Hardee,ivoibs@icloud.com,123456789,developer
Abraham,Aho,sakusha@icloud.com,123456789,devOps
Alyson,Bonenfant,chronos@att.net,123456789,frontend
Deirdre,Schnur,fangorn@mac.com,123456789,manager
Major,Tiffany,guialbu@me.com,123456789,developer
Mora,Twedt,jonathan@mac.com,123456789,devOps
Venita,Vanduzer,formis@verizon.net,123456789,frontend
Terri,Holts,geeber@comcast.net,123456789,manager
Reid,Russo,subir@sbcglobal.net,123456789,developer
Camilla,Engelbrec,rgarcia@yahoo.ca,123456789,devOps
Etta,Wycoff,martink@me.com,123456789,frontend
Anastasia,Toto,staffelb@yahoo.ca,123456789,manager
Beau,Bartolo,boein@msn.com,123456789,developer
In,Tighe,miyop@comcast.net,123456789,devOps
Kassandra,Mcdonnell,pkplex@comcast.net,123456789,frontend
Halina,Falconer,ninenine@hotmail.com,123456789,manager
Asha,Turlington,janneh@gmail.com,123456789,developer
Glynda,Bowling,murty@optonline.net,123456789,devOps
Ross,Clover,lamky@att.net,123456789,frontend
Noma,Veloz,gommix@msn.com,123456789,manager
Juanita,Stamps,ozawa@icloud.com,123456789,developer
Shin,Hora,dhwon@att.net,123456789,devOps
Debora,Buttner,drolsky@outlook.com,123456789,frontend
Priscila,Deere,north@outlook.com,123456789,manager
Ann,Tookes,smallpaul@msn.com,123456789,developer
Lois,Beckler,esbeck@yahoo.ca,123456789,devOps
Katheryn,Drucker,parksh@me.com,123456789,frontend
Jules,Basquez,shawnce@gmail.com,123456789,manager
Nicole,Mynatt,retoh@yahoo.com,123456789,developer
Aileen,Bumgardner,steveli@yahoo.com,123456789,devOps
Bruno,Hardee,ivoibs@icloud.com,123456789,frontend
Abraham,Aho,sakusha@icloud.com,123456789,manager
Alyson,Bonenfant,chronos@att.net,123456789,developer
Deirdre,Schnur,fangorn@mac.com,123456789,devOps
Major,Tiffany,guialbu@me.com,123456789,frontend
Mora,Twedt,jonathan@mac.com,123456789,manager
Venita,Vanduzer,formis@verizon.net,123456789,developer
Terri,Holts,geeber@comcast.net,123456789,devOps
Reid,Russo,subir@sbcglobal.net,123456789,frontend
Camilla,Engelbrec,rgarcia@yahoo.ca,123456789,manager
Etta,Wycoff,martink@me.com,123456789,developer
Anastasia,Toto,staffelb@yahoo.ca,123456789,devOps
Beau,Bartolo,boein@msn.com,123456789,frontend
In,Tighe,miyop@comcast.net,123456789,manager
Kassandra,Mcdonnell,pkplex@comcast.net,123456789,developer
Halina,Falconer,ninenine@hotmail.com,123456789,devOps
Asha,Turlington,janneh@gmail.com,123456789,frontend
Glynda,Bowling,murty@optonline.net,123456789,manager
Ross,Clover,lamky@att.net,123456789,developer
Noma,Veloz,gommix@msn.com,123456789,devOps
Juanita,Stamps,ozawa@icloud.com,123456789,frontend
Shin,Hora,dhwon@att.net,123456789,manager
Debora,Buttner,drolsky@outlook.com,123456789,developer
Priscila,Deere,north@outlook.com,123456789,devOps
Ann,Tookes,smallpaul@msn.com,123456789,frontend
Lois,Beckler,esbeck@yahoo.ca,123456789,manager
Katheryn,Drucker,parksh@me.com,123456789,developer
Jules,Basquez,shawnce@gmail.com,123456789,devOps
Nicole,Mynatt,retoh@yahoo.com,123456789,frontend
Aileen,Bumgardner,steveli@yahoo.com,123456789,manager
Bruno,Hardee,ivoibs@icloud.com,123456789,developer
Abraham,Aho,sakusha@icloud.com,123456789,devOps
Alyson,Bonenfant,chronos@att.net,123456789,frontend
Deirdre,Schnur,fangorn@mac.com,123456789,manager
Major,Tiffany,guialbu@me.com,123456789,developer
Mora,Twedt,jonathan@mac.com,123456789,devOps
Venita,Vanduzer,formis@verizon.net,123456789,frontend
Terri,Holts,geeber@comcast.net,123456789,manager
Reid,Russo,subir@sbcglobal.net,123456789,developer
Camilla,Engelbrec,rgarcia@yahoo.ca,123456789,devOps
Etta,Wycoff,martink@me.com,123456789,frontend
Anastasia,Toto,staffelb@yahoo.ca,123456789,manager
Beau,Bartolo,boein@msn.com,123456789,developer
In,Tighe,miyop@comcast.net,123456789,devOps
Kassandra,Mcdonnell,pkplex@comcast.net,123456789,frontend
Halina,Falconer,ninenine@hotmail.com,123456789,manager
Asha,Turlington,janneh@gmail.com,123456789,developer
Glynda,Bowling,murty@optonline.net,123456789,devOps
Ross,Clover,lamky@att.net,123456789,frontend
Noma,Veloz,gommix@msn.com,123456789,manager
Juanita,Stamps,ozawa@icloud.com,123456789,developer
Shin,Hora,dhwon@att.net,123456789,devOps
Debora,Buttner,drolsky@outlook.com,123456789,frontend
Priscila,Deere,north@outlook.com,123456789,manager
Ann,Tookes,smallpaul@msn.com,123456789,developer
Lois,Beckler,esbeck@yahoo.ca,123456789,devOps
Katheryn,Drucker,parksh@me.com,123456789,frontend
Jules,Basquez,shawnce@gmail.com,123456789,manager
Nicole,Mynatt,retoh@yahoo.com,123456789,developer
Aileen,Bumgardner,steveli@yahoo.com,123456789,devOps
Bruno,Hardee,ivoibs@icloud.com,123456789,frontend
Abraham,Aho,sakusha@icloud.com,123456789,manager
Alyson,Bonenfant,chronos@att.net,123456789,developer
Deirdre,Schnur,fangorn@mac.com,123456789,devOps
Major,Tiffany,guialbu@me.com,123456789,frontend
Mora,Twedt,jonathan@mac.com,123456789,manager
Venita,Vanduzer,formis@verizon.net,123456789,developer
Terri,Holts,geeber@comcast.net,123456789,devOps
Reid,Russo,subir@sbcglobal.net,123456789,frontend
Camilla,Engelbrec,rgarcia@yahoo.ca,123456789,manager
Etta,Wycoff,martink@me.com,123456789,developer
Anastasia,Toto,staffelb@yahoo.ca,123456789,devOps
Beau,Bartolo,boein@msn.com,123456789,frontend
In,Tighe,miyop@comcast.net,123456789,manager
Kassandra,Mcdonnell,pkplex@comcast.net,123456789,developer
Halina,Falconer,ninenine@hotmail.com,123456789,devOps
Asha,Turlington,janneh@gmail.com,123456789,frontend
Glynda,Bowling,murty@optonline.net,123456789,manager
Ross,Clover,lamky@att.net,123456789,developer
Noma,Veloz,gommix@msn.com,123456789,devOps
Juanita,Stamps,ozawa@icloud.com,123456789,frontend
Shin,Hora,dhwon@att.net,123456789,manager
Debora,Buttner,drolsky@outlook.com,123456789,developer
Priscila,Deere,north@outlook.com,123456789,devOps
Ann,Tookes,smallpaul@msn.com,123456789,frontend
Lois,Beckler,esbeck@yahoo.ca,123456789,manager
Katheryn,Drucker,parksh@me.com,123456789,developer
Jules,Basquez,shawnce@gmail.com,123456789,devOps
Nicole,Mynatt,retoh@yahoo.com,123456789,frontend
Aileen,Bumgardner,steveli@yahoo.com,123456789,manager
Bruno,Hardee,ivoibs@icloud.com,123456789,developer
Abraham,Aho,sakusha@icloud.com,123456789,devOps
Alyson,Bonenfant,chronos@att.net,123456789,frontend
Deirdre,Schnur,fangorn@mac.com,123456789,manager
Major,Tiffany,guialbu@me.com,123456789,developer
Mora,Twedt,jonathan@mac.com,123456789,devOps
Venita,Vanduzer,formis@verizon.net,123456789,frontend
Terri,Holts,geeber@comcast.net,123456789,manager
Reid,Russo,subir@sbcglobal.net,123456789,developer
Camilla,Engelbrec,rgarcia@yahoo.ca,123456789,devOps
Etta,Wycoff,martink@me.com,123456789,frontend
Anastasia,Toto,staffelb@yahoo.ca,123456789,manager
Beau,Bartolo,boein@msn.com,123456789,developer
In,Tighe,miyop@comcast.net,123456789,devOps
Kassandra,Mcdonnell,pkplex@comcast.net,123456789,frontend
Halina,Falconer,ninenine@hotmail.com,123456789,manager
Asha,Turlington,janneh@gmail.com,123456789,developer
Glynda,Bowling,murty@optonline.net,123456789,devOps
Ross,Clover,lamky@att.net,123456789,frontend
Noma,Veloz,gommix@msn.com,123456789,manager
Juanita,Stamps,ozawa@icloud.com,123456789,developer
Shin,Hora,dhwon@att.net,123456789,devOps
Debora,Buttner,drolsky@outlook.com,123456789,frontend
Priscila,Deere,north@outlook.com,123456789,manager
Ann,Tookes,smallpaul@msn.com,123456789,developer
Lois,Beckler,esbeck@yahoo.ca,123456789,devOps
Katheryn,Drucker,parksh@me.com,123456789,frontend
Jules,Basquez,shawnce@gmail.com,123456789,manager
Nicole,Mynatt,retoh@yahoo.com,123456789,developer
Aileen,Bumgardner,steveli@yahoo.com,123456789,devOps
Bruno,Hardee,ivoibs@icloud.com,123456789,frontend
Abraham,Aho,sakusha@icloud.com,123456789,manager
Alyson,Bonenfant,chronos@att.net,123456789,developer
Deirdre,Schnur,fangorn@mac.com,123456789,devOps
Major,Tiffany,guialbu@me.com,123456789,frontend
Mora,Twedt,jonathan@mac.com,123456789,manager
Venita,Vanduzer,formis@verizon.net,123456789,developer
Terri,Holts,geeber@comcast.net,123456789,devOps
Reid,Russo,subir@sbcglobal.net,123456789,frontend
Camilla,Engelbrec,rgarcia@yahoo.ca,123456789,manager
Etta,Wycoff,martink@me.com,123456789,developer
Anastasia,Toto,staffelb@yahoo.ca,123456789,devOps
Beau,Bartolo,boein@msn.com,123456789,frontend
In,Tighe,miyop@comcast.net,123456789,manager
Kassandra,Mcdonnell,pkplex@comcast.net,123456789,developer
Halina,Falconer,ninenine@hotmail.com,123456789,devOps
Asha,Turlington,janneh@gmail.com,123456789,frontend
Glynda,Bowling,murty@optonline.net,123456789,manager
Ross,Clover,lamky@att.net,123456789,developer
Noma,Veloz,gommix@msn.com,123456789,devOps
Juanita,Stamps,ozawa@icloud.com,123456789,frontend